Provider_Categories,Year,Total_All_Payers,Total_Private,Out_of_Pocket_Payments,Private_Insurance,Other_Private,Total_Public,Medicare,Medicaid,Other_Federal,Other_State_And_Local
Total Spending,1986,32453,14043,5699,6577,1767,18410,2058,5590,2012,8751
Total Spending,1987,35041,14663,5880,6840,1943,20378,2115,6373,2178,9712
Total Spending,1988,38642,16290,6442,7623,2225,22352,2234,7068,2367,10683
Total Spending,1989,42364,18121,6763,8983,2375,24243,2713,7366,2433,11732
Total Spending,1990,46718,20374,7440,10314,2620,26344,3005,8033,2547,12758
Total Spending,1991,49510,20570,7244,10549,2777,28940,3524,9638,2560,13218
Total Spending,1992,51957,20481,6896,10662,2923,31477,4072,11015,2572,13817
Total Spending,1993,55540,21498,7068,11367,3063,34042,4801,11697,2795,14750
Total Spending,1994,59744,22697,7235,12295,3167,37047,5602,12606,3039,15801
Total Spending,1995,61948,23817,7440,13052,3325,38131,5903,13299,3145,15784
Total Spending,1996,63344,24316,7717,13691,2908,39028,6149,13816,3245,15818
Total Spending,1997,65849,25274,8183,14658,2433,40575,6314,15006,3330,15925
Total Spending,1998,69160,26679,8817,15787,2075,42481,6380,16492,3513,16096
Total Spending,1999,74269,29065,9398,17542,2125,45204,6436,18356,3788,16624
Total Spending,2000,81226,32446,10485,19711,2250,48780,6648,21444,3912,16776
Total Spending,2001,88932,35775,11222,22226,2327,53157,7008,24719,4172,17257
Total Spending,2002,96136,39253,11911,24736,2607,56883,7207,27385,4633,17658
Total Spending,2003,104196,42889,12901,27221,2768,61306,7534,30280,5131,18361
Total Spending,2004,111200,46181,13294,29800,3088,65019,8061,32516,5374,19069
Total Spending,2005,116865,49004,13975,31629,3400,67861,8585,33965,5635,19676
Total Spending,2006,125364,53804,15217,35121,3466,71560,14104,31190,5921,20346
Total Spending,2007,133993,56521,16144,36554,3823,77472,15976,33940,6444,21111
Total Spending,2008,139484,56793,15985,36953,3854,82691,17657,36125,7085,21825
Total Spending,2009,147381,58928,16212,38710,4006,88454,19347,39069,7803,22234
Total All Service Providers and Products,1986,30932,13261,5699,5795,1767,17672,2002,5298,1990,8381
Total All Service Providers and Products,1987,33494,14031,5880,6208,1943,19463,2061,6041,2155,9206
Total All Service Providers and Products,1988,36817,15487,6442,6820,2225,21330,2170,6695,2342,10124
Total All Service Providers and Products,1989,40264,17005,6763,7868,2375,23258,2636,6973,2405,11244
Total All Service Providers and Products,1990,44363,19091,7440,9031,2620,25272,2926,7600,2518,12228
Total All Service Providers and Products,1991,47252,19351,7244,9330,2777,27901,3426,9195,2534,12746
Total All Service Providers and Products,1992,49511,19271,6896,9453,2923,30240,3963,10529,2543,13204
Total All Service Providers and Products,1993,52487,20038,7068,9907,3063,32449,4682,11131,2761,13876
Total All Service Providers and Products,1994,56239,21163,7235,10760,3167,35076,5460,11897,3000,14719
Total All Service Providers and Products,1995,58310,22268,7440,11502,3325,36042,5758,12508,3106,14670
Total All Service Providers and Products,1996,59693,22689,7717,12064,2908,37004,5989,13121,3204,14690
Total All Service Providers and Products,1997,62128,23662,8183,13046,2433,38465,6128,14120,3288,14930
Total All Service Providers and Products,1998,65419,25025,8817,14133,2075,40395,6171,15447,3464,15313
Total All Service Providers and Products,1999,70034,27136,9398,15612,2125,42899,6220,17128,3726,15825
Total All Service Providers and Products,2000,76171,30193,10485,17458,2250,45979,6396,19991,3836,15755
Total All Service Providers and Products,2001,83133,33246,11222,19697,2327,49887,6765,22971,4079,16072
Total All Service Providers and Products,2002,89331,36095,11911,21578,2607,53236,6967,25376,4507,16386
Total All Service Providers and Products,2003,96369,39062,12901,23393,2768,57307,7303,28058,4977,16968
Total All Service Providers and Products,2004,102862,42039,13294,25657,3088,60823,7775,30265,5194,17589
Total All Service Providers and Products,2005,108144,44764,13975,27389,3400,63380,8245,31554,5419,18162
Total All Service Providers and Products,2006,115826,49151,15217,30468,3466,66676,13356,28788,5673,18858
Total All Service Providers and Products,2007,124064,51734,16144,31767,3823,72330,15087,31384,6179,19680
Total All Service Providers and Products,2008,129332,52216,15985,32376,3854,77117,16711,33301,6820,20284
Total All Service Providers and Products,2009,137093,54626,16212,34409,4006,82467,18152,36097,7543,20674
Total All Service Providers,1986,28368,11291,4316,5208,1767,17077,2000,4747,1984,8347
Total All Service Providers,1987,30629,11842,4414,5485,1943,18786,2057,5414,2148,9168
Total All Service Providers,1988,33607,13011,4807,5979,2225,20596,2164,6020,2333,10079
Total All Service Providers,1989,36717,14211,4975,6861,2375,22506,2629,6293,2396,11189
Total All Service Providers,1990,40345,15945,5471,7853,2620,24401,2916,6814,2507,12164
Total All Service Providers,1991,42939,15987,5241,7969,2777,26952,3414,8335,2521,12682
Total All Service Providers,1992,44973,15736,4853,7961,2923,29236,3948,9620,2529,13139
Total All Service Providers,1993,47628,16311,4978,8269,3063,31317,4661,10101,2744,13811
Total All Service Providers,1994,50777,17041,5079,8795,3167,33736,5432,10673,2980,14651
Total All Service Providers,1995,51947,17529,5223,8980,3325,34419,5718,11025,3077,14598
Total All Service Providers,1996,52262,17215,5330,8977,2908,35047,5932,11338,3161,14616
Total All Service Providers,1997,52836,17098,5545,9120,2433,35739,6059,11614,3223,14843
Total All Service Providers,1998,53752,16968,5853,9040,2075,36784,6069,12126,3377,15213
Total All Service Providers,1999,55647,17465,6170,9169,2125,38182,6072,12798,3603,15709
Total All Service Providers,2000,57739,18430,6737,9443,2250,39308,6211,13835,3669,15594
Total All Service Providers,2001,60882,19560,7055,10177,2327,41322,6530,15104,3845,15843
Total All Service Providers,2002,63352,20339,7175,10557,2607,43013,6702,16054,4157,16099
Total All Service Providers,2003,66984,21517,7514,11236,2768,45467,7034,17318,4499,16617
Total All Service Providers,2004,70897,23058,7720,12251,3088,47839,7427,18542,4660,17210
Total All Service Providers,2005,74632,24609,7975,13234,3400,50023,7840,19622,4822,17739
Total All Service Providers,2006,78723,25580,8068,14046,3466,53142,8385,21568,4902,18287
Total All Service Providers,2007,85499,27467,8578,15066,3823,58032,9039,24500,5368,19125
Total All Service Providers,2008,89407,28050,8558,15638,3854,61357,9699,26009,5937,19713
Total All Service Providers,2009,95110,29343,8352,16985,4006,65766,10586,28564,6543,20074
All Hospitals,1986,13524,3895,514,2944,437,9629,1427,1815,1126,5262
All Hospitals,1987,14501,3880,529,2856,495,10622,1393,2256,1257,5715
All Hospitals,1988,15661,3951,559,2829,563,11710,1401,2728,1390,6191
All Hospitals,1989,17075,4361,607,3250,504,12714,1660,2830,1475,6749
All Hospitals,1990,18446,4755,658,3663,434,13692,1883,2960,1557,7291
All Hospitals,1991,19585,4428,484,3519,425,15157,2299,4020,1574,7264
All Hospitals,1992,20353,3948,263,3290,395,16405,2674,4978,1561,7192
All Hospitals,1993,21073,4225,411,3349,464,16848,3085,4930,1773,7060
All Hospitals,1994,22140,4643,546,3541,557,17496,3477,4968,1999,7052
All Hospitals,1995,22077,4445,569,3345,531,17632,3528,4933,2007,7164
All Hospitals,1996,21901,4185,592,3118,476,17716,3519,4863,2012,7321
All Hospitals,1997,21827,3931,607,2901,423,17896,3484,4832,2017,7563
All Hospitals,1998,22129,3731,629,2696,406,18399,3490,4926,2050,7932
All Hospitals,1999,22941,3884,649,2763,472,19057,3466,5212,2099,8281
All Hospitals,2000,23816,4121,660,2923,538,19695,3509,5561,2159,8465
All Hospitals,2001,25068,4386,667,3120,599,20682,3635,5964,2278,8806
All Hospitals,2002,26304,4644,680,3308,655,21660,3735,6294,2543,9088
All Hospitals,2003,27682,4948,709,3521,719,22734,3872,6652,2776,9434
All Hospitals,2004,29263,5328,748,3788,792,23936,4066,7118,2912,9840
All Hospitals,2005,30667,5653,784,4000,869,25014,4179,7523,3041,10272
All Hospitals,2006,32125,6043,770,4382,892,26081,4473,8121,3116,10371
All Hospitals,2007,34522,6436,740,4770,926,28086,4818,9317,3397,10554
All Hospitals,2008,36216,6806,722,5180,904,29411,5156,9335,3943,10977
All Hospitals,2009,37835,7224,697,5618,909,30611,5529,9854,4409,10819
General Hospitals,1986,5274,1760,359,1215,186,3513,863,961,1053,635
General Hospitals,1987,5632,1883,389,1290,204,3749,921,1025,1100,703
General Hospitals,1988,6173,2093,434,1427,233,4080,1020,1118,1148,794
General Hospitals,1989,6797,2283,457,1573,254,4514,1111,1277,1232,894
General Hospitals,1990,7377,2457,483,1711,263,4921,1166,1462,1313,979
General Hospitals,1991,8184,2515,343,1949,223,5669,1416,1808,1411,1034
General Hospitals,1992,8620,2421,156,2101,163,6200,1624,2052,1479,1044
General Hospitals,1993,9230,2312,276,1840,196,6918,1951,2123,1623,1221
General Hospitals,1994,10186,2345,382,1711,252,7841,2258,2279,1783,1522
General Hospitals,1995,10603,2415,380,1768,267,8188,2300,2423,1827,1639
General Hospitals,1996,10908,2424,377,1793,255,8484,2282,2533,1868,1801
General Hospitals,1997,11315,2439,367,1829,243,8876,2238,2680,1909,2049
General Hospitals,1998,12097,2507,363,1877,267,9590,2235,2953,1979,2423
General Hospitals,1999,12425,2545,380,1857,309,9879,2217,3094,2024,2545
General Hospitals,2000,12817,2668,388,1930,349,10149,2267,3298,2081,2503
General Hospitals,2001,13586,2818,393,2040,386,10767,2399,3555,2196,2617
General Hospitals,2002,14338,2961,404,2140,417,11377,2506,3740,2458,2673
General Hospitals,2003,15233,3151,430,2265,456,12082,2649,3953,2687,2792
General Hospitals,2004,16331,3416,466,2445,504,12915,2849,4274,2820,2972
General Hospitals,2005,17252,3626,500,2570,556,13625,2969,4534,2945,3177
General Hospitals,2006,18067,3898,488,2881,528,14169,3247,4993,3019,2910
General Hospitals,2007,19518,4305,483,3307,515,15213,3588,5582,3311,2732
General Hospitals,2008,20463,4487,469,3570,447,15977,3798,5816,3861,2501
General Hospitals,2009,21967,4889,466,4019,404,17079,4084,6281,4337,2376
"General Hospitals, Specialty Units",1986,3053,875,184,591,100,2178,436,398,965,379
"General Hospitals, Specialty Units",1987,4100,1312,278,909,125,2789,685,603,1022,479
"General Hospitals, Specialty Units",1988,5146,1748,371,1227,149,3398,934,807,1078,579
"General Hospitals, Specialty Units",1989,5575,1874,386,1319,168,3701,967,931,1136,666
"General Hospitals, Specialty Units",1990,6033,2000,401,1411,187,4034,1000,1055,1225,754
"General Hospitals, Specialty Units",1991,6124,1833,245,1453,135,4292,1087,1183,1314,707
"General Hospitals, Specialty Units",1992,6196,1666,89,1494,82,4531,1175,1311,1385,660
"General Hospitals, Specialty Units",1993,6481,1558,175,1292,91,4923,1418,1303,1515,687
"General Hospitals, Specialty Units",1994,6789,1499,243,1157,99,5290,1623,1317,1632,718
"General Hospitals, Specialty Units",1995,7251,1578,239,1228,111,5674,1687,1471,1646,869
"General Hospitals, Specialty Units",1996,7789,1654,230,1299,125,6136,1743,1649,1691,1053
"General Hospitals, Specialty Units",1997,8095,1653,205,1312,135,6442,1711,1778,1728,1225
"General Hospitals, Specialty Units",1998,8696,1710,180,1377,153,6986,1730,2007,1759,1490
"General Hospitals, Specialty Units",1999,8821,1747,197,1369,181,7074,1735,2041,1790,1508
"General Hospitals, Specialty Units",2000,9016,1789,213,1372,204,7227,1750,2083,1861,1533
"General Hospitals, Specialty Units",2001,9445,1874,232,1412,231,7570,1812,2177,1985,1597
"General Hospitals, Specialty Units",2002,9993,1951,249,1447,255,8042,1867,2262,2260,1654
"General Hospitals, Specialty Units",2003,10641,2061,270,1509,282,8580,1954,2384,2503,1739
"General Hospitals, Specialty Units",2004,10919,2103,282,1522,299,8817,1979,2428,2641,1768
"General Hospitals, Specialty Units",2005,11344,2185,298,1566,321,9158,2043,2520,2764,1832
"General Hospitals, Specialty Units",2006,11681,2209,303,1613,292,9472,2145,2673,2864,1790
"General Hospitals, Specialty Units",2007,12308,2261,312,1682,267,10047,2259,2845,3163,1780
"General Hospitals, Specialty Units",2008,13278,2347,324,1779,244,10932,2386,3035,3716,1795
"General Hospitals, Specialty Units",2009,14266,2472,338,1910,224,11794,2528,3246,4192,1829
"General Hospitals, Non-Specialty Units",1986,2220,885,175,624,87,1335,428,563,88,257
"General Hospitals, Non-Specialty Units",1987,1532,572,111,381,80,960,236,422,77,225
"General Hospitals, Non-Specialty Units",1988,1028,345,62,199,84,683,86,311,70,215
"General Hospitals, Non-Specialty Units",1989,1222,409,70,254,85,813,144,345,96,227
"General Hospitals, Non-Specialty Units",1990,1344,457,82,300,76,887,167,407,88,225
"General Hospitals, Non-Specialty Units",1991,2060,683,98,496,89,1377,328,625,97,327
"General Hospitals, Non-Specialty Units",1992,2424,755,67,607,81,1669,449,741,95,384
"General Hospitals, Non-Specialty Units",1993,2749,754,101,548,105,1995,533,820,108,534
"General Hospitals, Non-Specialty Units",1994,3397,846,139,554,153,2552,635,962,151,804
"General Hospitals, Non-Specialty Units",1995,3352,837,140,540,157,2515,612,952,181,770
"General Hospitals, Non-Specialty Units",1996,3119,771,146,495,130,2348,539,884,177,748
"General Hospitals, Non-Specialty Units",1997,3220,787,162,517,108,2433,527,902,181,824
"General Hospitals, Non-Specialty Units",1998,3401,797,183,500,114,2604,505,946,220,932
"General Hospitals, Non-Specialty Units",1999,3604,799,183,487,128,2806,483,1052,234,1037
"General Hospitals, Non-Specialty Units",2000,3801,879,176,558,145,2922,517,1215,220,970
"General Hospitals, Non-Specialty Units",2001,4141,944,161,628,155,3197,587,1378,211,1020
"General Hospitals, Non-Specialty Units",2002,4345,1010,155,693,162,3335,639,1479,198,1019
"General Hospitals, Non-Specialty Units",2003,4592,1090,160,757,173,3502,695,1569,184,1053
"General Hospitals, Non-Specialty Units",2004,5411,1313,185,923,205,4099,870,1845,179,1204
"General Hospitals, Non-Specialty Units",2005,5908,1441,202,1004,235,4467,926,2014,181,1346
"General Hospitals, Non-Specialty Units",2006,6386,1689,185,1268,236,4697,1102,2319,155,1120
"General Hospitals, Non-Specialty Units",2007,7210,2043,171,1624,248,5167,1329,2738,147,952
"General Hospitals, Non-Specialty Units",2008,7185,2140,145,1791,203,5045,1412,2781,145,707
"General Hospitals, Non-Specialty Units",2009,7701,2417,128,2109,180,5285,1557,3036,145,547
Specialty Hospitals,1986,8251,2135,155,1729,251,6116,564,853,73,4626
Specialty Hospitals,1987,8869,1996,140,1566,290,6873,472,1231,158,5012
Specialty Hospitals,1988,9488,1858,126,1402,330,7630,380,1609,242,5398
Specialty Hospitals,1989,10278,2078,150,1677,251,8200,549,1553,243,5855
Specialty Hospitals,1990,11069,2298,175,1952,171,8771,717,1498,244,6312
Specialty Hospitals,1991,11401,1913,141,1570,201,9488,883,2212,163,6230
Specialty Hospitals,1992,11733,1527,107,1189,232,10206,1050,2926,82,6149
Specialty Hospitals,1993,11843,1913,135,1509,268,9930,1134,2807,149,5839
Specialty Hospitals,1994,11954,2299,164,1830,305,9655,1219,2688,217,5530
Specialty Hospitals,1995,11473,2030,190,1577,263,9443,1228,2510,181,5525
Specialty Hospitals,1996,10993,1761,215,1324,222,9232,1237,2331,144,5520
Specialty Hospitals,1997,10513,1492,240,1072,180,9021,1246,2152,108,5515
Specialty Hospitals,1998,10032,1223,266,819,138,8809,1255,1973,71,5510
Specialty Hospitals,1999,10516,1338,268,906,163,9178,1249,2118,75,5736
Specialty Hospitals,2000,10999,1453,271,993,188,9546,1242,2263,78,5962
Specialty Hospitals,2001,11482,1568,274,1081,213,9915,1236,2408,82,6189
Specialty Hospitals,2002,11966,1682,276,1168,238,10283,1229,2554,85,6415
Specialty Hospitals,2003,12449,1797,279,1255,263,10652,1223,2699,89,6642
Specialty Hospitals,2004,12932,1912,281,1343,288,11020,1216,2844,92,6868
Specialty Hospitals,2005,13416,2027,284,1430,313,11389,1210,2989,96,7095
Specialty Hospitals,2006,14058,2146,281,1501,364,11912,1226,3128,96,7461
Specialty Hospitals,2007,15004,2132,257,1464,411,12873,1230,3735,86,7822
Specialty Hospitals,2008,15753,2319,253,1609,456,13434,1358,3519,82,8475
Specialty Hospitals,2009,15868,2336,231,1599,506,13532,1445,3573,72,8443
All Physicians,1986,3821,2916,1464,1165,288,905,383,182,51,289
All Physicians,1987,4190,3223,1532,1337,353,967,447,200,55,265
All Physicians,1988,4819,3710,1653,1632,425,1109,502,222,64,320
All Physicians,1989,5475,4131,1709,1889,534,1344,576,256,63,448
All Physicians,1990,6035,4530,1753,2138,639,1505,652,317,75,461
All Physicians,1991,6552,4917,1706,2518,692,1635,689,386,82,478
All Physicians,1992,6943,5114,1565,2798,750,1829,757,478,88,506
All Physicians,1993,7616,5492,1668,2974,851,2123,884,548,119,573
All Physicians,1994,8645,6097,1801,3266,1031,2547,1031,674,157,685
All Physicians,1995,9038,6332,1691,3430,1211,2706,1100,746,157,703
All Physicians,1996,9000,6256,1778,3434,1043,2744,1139,805,158,642
All Physicians,1997,9285,6411,1981,3591,839,2874,1168,839,160,707
All Physicians,1998,9436,6437,2061,3709,666,2999,1182,825,138,853
All Physicians,1999,9477,6547,2214,3711,622,2930,1300,804,147,680
All Physicians,2000,9834,6894,2532,3756,606,2939,1369,899,154,518
All Physicians,2001,10484,7374,2672,4144,558,3110,1395,1080,154,481
All Physicians,2002,11074,7822,2767,4391,664,3252,1425,1209,170,449
All Physicians,2003,11895,8270,2910,4747,613,3625,1520,1330,201,574
All Physicians,2004,12960,9021,3028,5248,746,3939,1566,1450,241,682
All Physicians,2005,13783,9703,3075,5828,799,4080,1670,1540,233,637
All Physicians,2006,13988,9830,3125,5962,743,4158,1792,1563,256,546
All Physicians,2007,14818,10419,3198,6468,753,4399,1945,1574,320,560
All Physicians,2008,15014,10475,3016,6542,917,4539,1999,1690,325,525
All Physicians,2009,15911,10927,2909,6954,1064,4984,2175,1979,337,493
Psychiatrists,1986,2447,1935,949,826,161,512,150,94,40,227
Psychiatrists,1987,2723,2174,1030,937,207,550,188,98,45,218
Psychiatrists,1988,3204,2543,1151,1131,261,661,227,102,55,277
Psychiatrists,1989,3725,2871,1234,1294,344,854,279,111,57,406
Psychiatrists,1990,3999,3079,1281,1400,397,920,309,128,67,416
Psychiatrists,1991,4052,3129,1207,1528,394,924,287,145,72,420
Psychiatrists,1992,4186,3121,1058,1615,448,1065,312,208,81,464
Psychiatrists,1993,4830,3424,1136,1755,533,1407,454,316,110,528
Psychiatrists,1994,5650,3932,1316,2023,592,1719,580,408,136,594
Psychiatrists,1995,5613,3874,1274,2017,583,1739,642,391,129,577
Psychiatrists,1996,5274,3589,1354,1848,387,1685,622,415,128,520
Psychiatrists,1997,5425,3671,1528,1856,287,1753,583,475,128,567
Psychiatrists,1998,5410,3676,1531,1843,303,1734,579,482,94,578
Psychiatrists,1999,5353,3692,1512,1833,347,1661,708,456,88,409
Psychiatrists,2000,5560,3894,1678,1866,350,1665,704,493,107,361
Psychiatrists,2001,5846,4113,1907,1906,300,1733,652,598,117,366
Psychiatrists,2002,6069,4186,2048,1867,271,1883,721,678,133,351
Psychiatrists,2003,6936,4650,2233,2140,277,2285,839,792,170,485
Psychiatrists,2004,7777,5296,2254,2591,451,2480,935,793,197,555
Psychiatrists,2005,8022,5568,2139,2898,531,2454,1014,731,189,519
Psychiatrists,2006,7982,5528,2125,2927,476,2454,1045,744,212,453
Psychiatrists,2007,8248,5635,2185,3004,447,2613,1142,764,257,450
Psychiatrists,2008,8240,5616,2113,2933,570,2624,1163,784,259,418
Psychiatrists,2009,8332,5635,1925,3109,600,2697,1222,866,247,361
Non-Psychiatric Physicians,1986,1374,981,515,339,127,393,232,88,11,62
Non-Psychiatric Physicians,1987,1467,1049,502,400,146,418,259,103,10,46
Non-Psychiatric Physicians,1988,1614,1167,501,502,164,447,276,120,9,43
Non-Psychiatric Physicians,1989,1750,1260,475,595,190,490,297,145,6,42
Non-Psychiatric Physicians,1990,2036,1452,472,738,242,584,344,189,7,45
Non-Psychiatric Physicians,1991,2500,1788,499,991,299,711,402,241,10,58
Non-Psychiatric Physicians,1992,2756,1992,507,1183,302,764,445,270,7,42
Non-Psychiatric Physicians,1993,2785,2068,532,1218,318,717,430,232,9,45
Non-Psychiatric Physicians,1994,2995,2166,484,1243,438,829,450,267,21,91
Non-Psychiatric Physicians,1995,3425,2458,417,1413,628,967,459,355,28,125
Non-Psychiatric Physicians,1996,3726,2667,425,1586,656,1059,517,390,30,122
Non-Psychiatric Physicians,1997,3861,2740,452,1735,553,1121,585,364,32,140
Non-Psychiatric Physicians,1998,4026,2760,531,1867,363,1266,603,343,45,275
Non-Psychiatric Physicians,1999,4124,2855,703,1878,275,1269,592,348,58,271
Non-Psychiatric Physicians,2000,4274,3000,854,1890,256,1274,665,405,47,157
Non-Psychiatric Physicians,2001,4638,3261,765,2238,258,1377,743,482,37,115
Non-Psychiatric Physicians,2002,5005,3636,719,2524,393,1370,704,531,37,98
Non-Psychiatric Physicians,2003,4959,3619,677,2607,335,1340,680,539,31,90
Non-Psychiatric Physicians,2004,5183,3725,773,2657,295,1458,630,657,45,126
Non-Psychiatric Physicians,2005,5761,4135,937,2930,268,1626,656,808,43,118
Non-Psychiatric Physicians,2006,6007,4303,1000,3035,267,1704,747,819,44,94
Non-Psychiatric Physicians,2007,6569,4784,1014,3464,306,1786,802,810,63,110
Non-Psychiatric Physicians,2008,6774,4859,903,3609,347,1915,836,906,66,107
Non-Psychiatric Physicians,2009,7580,5292,983,3845,464,2288,952,1113,90,132
Other Professionals,1986,1519,985,393,477,114,534,62,322,143,7
Other Professionals,1987,1830,1191,476,579,136,638,77,384,169,9
Other Professionals,1988,2200,1448,578,707,163,752,95,455,190,11
Other Professionals,1989,2343,1565,628,764,174,778,106,474,185,13
Other Professionals,1990,2770,1896,760,926,209,874,130,544,184,18
Other Professionals,1991,2952,2058,821,1012,225,894,140,559,175,21
Other Professionals,1992,3255,2293,882,1160,252,962,157,603,176,25
Other Professionals,1993,3480,2448,917,1260,272,1031,167,631,203,30
Other Professionals,1994,3617,2550,959,1308,284,1067,174,630,229,34
Other Professionals,1995,3956,2779,1083,1392,304,1177,179,672,286,41
Other Professionals,1996,4200,2936,1157,1462,317,1265,193,691,338,42
Other Professionals,1997,4439,3101,1224,1546,331,1338,200,730,357,51
Other Professionals,1998,4198,2835,1119,1488,229,1363,196,734,400,34
Other Professionals,1999,4419,2948,1189,1587,173,1470,207,732,476,55
Other Professionals,2000,4747,3259,1418,1648,193,1488,212,762,413,100
Other Professionals,2001,5185,3615,1632,1780,203,1569,277,855,354,83
Other Professionals,2002,5069,3611,1680,1685,245,1458,249,838,279,93
Other Professionals,2003,5438,3848,1760,1791,296,1590,306,925,266,93
Other Professionals,2004,5685,4144,1795,2021,328,1541,356,863,202,120
Other Professionals,2005,6028,4417,1855,2184,378,1611,381,916,196,118
Other Professionals,2006,6421,4603,1863,2333,407,1818,341,1131,189,158
Other Professionals,2007,6961,4909,2109,2350,450,2053,275,1377,205,196
Other Professionals,2008,7369,5083,2216,2329,538,2286,235,1597,172,282
Other Professionals,2009,7832,5221,2177,2552,492,2611,232,1804,209,365
Free-Standing Nursing Homes,1986,4989,2459,1820,115,525,2530,32,2002,260,235
Free-Standing Nursing Homes,1987,4988,2388,1743,133,512,2600,34,2062,262,242
Free-Standing Nursing Homes,1988,5179,2596,1870,150,576,2583,48,2021,256,259
Free-Standing Nursing Homes,1989,5312,2600,1850,154,596,2712,156,2035,239,282
Free-Standing Nursing Homes,1990,5815,2966,2083,180,703,2849,101,2195,238,315
Free-Standing Nursing Homes,1991,5964,2848,1975,176,697,3117,112,2435,246,325
Free-Standing Nursing Homes,1992,5917,2700,1850,169,682,3216,157,2486,244,329
Free-Standing Nursing Homes,1993,5761,2526,1706,159,661,3235,206,2452,251,327
Free-Standing Nursing Homes,1994,5458,2216,1520,185,511,3242,277,2387,252,325
Free-Standing Nursing Homes,1995,5460,2334,1555,226,554,3125,315,2247,238,325
Free-Standing Nursing Homes,1996,5226,2060,1365,285,410,3166,382,2131,218,435
Free-Standing Nursing Homes,1997,4907,1766,1211,316,240,3141,444,1951,196,550
Free-Standing Nursing Homes,1998,5309,1978,1458,285,235,3331,478,1984,239,630
Free-Standing Nursing Homes,1999,5646,2001,1508,240,253,3646,428,2106,293,819
Free-Standing Nursing Homes,2000,5702,2024,1533,249,242,3678,478,2365,302,533
Free-Standing Nursing Homes,2001,5975,2017,1511,280,225,3958,585,2626,319,428
Free-Standing Nursing Homes,2002,6141,2039,1479,328,232,4102,650,2765,329,359
Free-Standing Nursing Homes,2003,6488,2130,1534,336,259,4359,681,3014,368,296
Free-Standing Nursing Homes,2004,6775,2148,1516,358,274,4627,776,3248,372,230
Free-Standing Nursing Homes,2005,7207,2308,1583,387,338,4899,930,3336,381,251
Free-Standing Nursing Homes,2006,7523,2490,1608,499,384,5033,1092,3293,376,271
Free-Standing Nursing Homes,2007,8276,2944,1798,521,626,5332,1256,3302,471,303
Free-Standing Nursing Homes,2008,8631,2903,1873,573,457,5728,1467,3411,560,291
Free-Standing Nursing Homes,2009,8976,2880,1756,621,503,6095,1645,3519,635,296
Free-Standing Home Health,1986,103,54,14,24,16,49,14,22,1,12
Free-Standing Home Health,1987,108,55,15,25,15,53,14,27,1,12
Free-Standing Home Health,1988,138,78,21,37,20,60,15,30,1,14
Free-Standing Home Health,1989,167,92,25,44,22,75,19,38,1,16
Free-Standing Home Health,1990,199,103,29,51,23,96,29,47,1,19
Free-Standing Home Health,1991,233,116,33,58,24,118,41,55,1,21
Free-Standing Home Health,1992,281,135,39,69,26,146,57,64,1,23
Free-Standing Home Health,1993,348,146,45,73,28,202,90,84,1,27
Free-Standing Home Health,1994,443,135,46,61,28,308,160,110,2,36
Free-Standing Home Health,1995,584,167,82,57,27,417,224,150,2,41
Free-Standing Home Health,1996,743,235,161,53,21,509,267,197,3,42
Free-Standing Home Health,1997,828,271,209,46,16,557,271,240,3,43
Free-Standing Home Health,1998,772,299,238,46,14,473,172,259,3,38
Free-Standing Home Health,1999,733,302,236,53,12,431,121,273,3,34
Free-Standing Home Health,2000,687,254,193,52,10,432,95,302,2,33
Free-Standing Home Health,2001,694,194,144,38,12,500,93,360,2,46
Free-Standing Home Health,2002,765,156,111,31,13,610,99,456,1,54
Free-Standing Home Health,2003,959,158,117,27,14,801,112,630,2,58
Free-Standing Home Health,2004,1169,158,122,23,13,1011,123,820,2,66
Free-Standing Home Health,2005,1378,173,139,21,13,1206,140,992,3,71
Free-Standing Home Health,2006,1602,168,140,17,10,1434,160,1200,3,70
Free-Standing Home Health,2007,1951,163,142,15,7,1789,195,1508,5,80
Free-Standing Home Health,2008,2291,165,148,13,3,2126,284,1753,7,83
Free-Standing Home Health,2009,2660,188,175,13,,2472,370,1995,9,98
Other Personal and Public Health,1986,4412,982,111,484,386,3430,82,404,402,2542
Other Personal and Public Health,1987,5011,1105,118,554,432,3907,92,485,404,2925
Other Personal and Public Health,1988,5611,1228,125,625,478,4383,103,566,432,3283
Other Personal and Public Health,1989,6345,1461,156,760,545,4884,112,659,432,3681
Other Personal and Public Health,1990,7080,1694,187,895,612,5385,121,753,452,4060
Other Personal and Public Health,1991,7652,1620,221,685,714,6032,133,881,444,4573
Other Personal and Public Health,1992,8224,1546,255,474,817,6678,146,1010,458,5064
Other Personal and Public Health,1993,9350,1473,231,454,787,7877,229,1457,397,5794
Other Personal and Public Health,1994,10475,1399,208,434,757,9076,313,1903,340,6519
Other Personal and Public Health,1995,10833,1472,243,530,699,9362,372,2277,388,6325
Other Personal and Public Health,1996,11191,1544,278,625,641,9648,432,2650,432,6134
Other Personal and Public Health,1997,11550,1616,313,720,583,9934,491,3023,489,5930
Other Personal and Public Health,1998,11908,1688,348,816,525,10219,551,3396,547,5725
Other Personal and Public Health,1999,12431,1783,375,815,593,10647,549,3671,587,5841
Other Personal and Public Health,2000,12954,1878,402,815,661,11075,548,3945,639,5944
Other Personal and Public Health,2001,13476,1974,429,815,730,11503,546,4219,738,5999
Other Personal and Public Health,2002,13999,2069,457,814,798,11931,545,4493,835,6058
Other Personal and Public Health,2003,14522,2164,484,814,866,12358,543,4767,887,6161
Other Personal and Public Health,2004,15045,2259,511,813,934,12786,541,5042,930,6273
Other Personal and Public Health,2005,15568,2354,538,813,1003,13214,540,5316,968,6390
Other Personal and Public Health,2006,17064,2446,562,853,1031,14618,526,6259,962,6870
Other Personal and Public Health,2007,18970,2596,592,942,1062,16374,551,7420,971,7431
Other Personal and Public Health,2008,19885,2618,582,1000,1036,17267,557,8224,931,7555
Other Personal and Public Health,2009,21896,2902,638,1227,1037,18994,636,9412,944,8002
Specialty Mental Health Centers,1986,4412,982,111,484,386,3430,82,404,402,2542
Specialty Mental Health Centers,1987,5011,1105,118,554,432,3907,92,485,404,2925
Specialty Mental Health Centers,1988,5611,1228,125,625,478,4383,103,566,432,3283
Specialty Mental Health Centers,1989,6345,1461,156,760,545,4884,112,659,432,3681
Specialty Mental Health Centers,1990,7080,1694,187,895,612,5385,121,753,452,4060
Specialty Mental Health Centers,1991,7652,1620,221,685,714,6032,133,881,444,4573
Specialty Mental Health Centers,1992,8224,1546,255,474,817,6678,146,1010,458,5064
Specialty Mental Health Centers,1993,9350,1473,231,454,787,7877,229,1457,397,5794
Specialty Mental Health Centers,1994,10475,1399,208,434,757,9076,313,1903,340,6519
Specialty Mental Health Centers,1995,10833,1472,243,530,699,9362,372,2277,388,6325
Specialty Mental Health Centers,1996,11191,1544,278,625,641,9648,432,2650,432,6134
Specialty Mental Health Centers,1997,11550,1616,313,720,583,9934,491,3023,489,5930
Specialty Mental Health Centers,1998,11908,1688,348,816,525,10219,551,3396,547,5725
Specialty Mental Health Centers,1999,12431,1783,375,815,593,10647,549,3671,587,5841
Specialty Mental Health Centers,2000,12954,1878,402,815,661,11075,548,3945,639,5944
Specialty Mental Health Centers,2001,13476,1974,429,815,730,11503,546,4219,738,5999
Specialty Mental Health Centers,2002,13999,2069,457,814,798,11931,545,4493,835,6058
Specialty Mental Health Centers,2003,14522,2164,484,814,866,12358,543,4767,887,6161
Specialty Mental Health Centers,2004,15045,2259,511,813,934,12786,541,5042,930,6273
Specialty Mental Health Centers,2005,15568,2354,538,813,1003,13214,540,5316,968,6390
Specialty Mental Health Centers,2006,17064,2446,562,853,1031,14618,526,6259,962,6870
Specialty Mental Health Centers,2007,18970,2596,592,942,1062,16374,551,7420,971,7431
Specialty Mental Health Centers,2008,19885,2618,582,1000,1036,17267,557,8224,931,7555
Specialty Mental Health Centers,2009,21088,2686,577,1092,1017,18402,581,9161,927,7733
Specialty Substance Abuse Centers,1986,,,,,,,,,,
Specialty Substance Abuse Centers,1987,,,,,,,,,,
Specialty Substance Abuse Centers,1988,,,,,,,,,,
Specialty Substance Abuse Centers,1989,,,,,,,,,,
Specialty Substance Abuse Centers,1990,,,,,,,,,,
Specialty Substance Abuse Centers,1991,,,,,,,,,,
Specialty Substance Abuse Centers,1992,,,,,,,,,,
Specialty Substance Abuse Centers,1993,,,,,,,,,,
Specialty Substance Abuse Centers,1994,,,,,,,,,,
Specialty Substance Abuse Centers,1995,,,,,,,,,,
Specialty Substance Abuse Centers,1996,,,,,,,,,,
Specialty Substance Abuse Centers,1997,,,,,,,,,,
Specialty Substance Abuse Centers,1998,,,,,,,,,,
Specialty Substance Abuse Centers,1999,,,,,,,,,,
Specialty Substance Abuse Centers,2000,,,,,,,,,,
Specialty Substance Abuse Centers,2001,,,,,,,,,,
Specialty Substance Abuse Centers,2002,,,,,,,,,,
Specialty Substance Abuse Centers,2003,,,,,,,,,,
Specialty Substance Abuse Centers,2004,,,,,,,,,,
Specialty Substance Abuse Centers,2005,,,,,,,,,,
Specialty Substance Abuse Centers,2006,,,,,,,,,,
Specialty Substance Abuse Centers,2007,,,,,,,,,,
Specialty Substance Abuse Centers,2008,,,,,,,,,,
Specialty Substance Abuse Centers,2009,808,216,61,135,20,592,55,251,16,269
Retail Prescription Drugs,1986,2564,1970,1383,587,,594,2,551,7,34
Retail Prescription Drugs,1987,2866,2189,1466,723,,677,4,627,7,39
Retail Prescription Drugs,1988,3210,2476,1635,841,,734,6,675,9,45
Retail Prescription Drugs,1989,3547,2795,1788,1006,,752,7,681,9,55
Retail Prescription Drugs,1990,4018,3146,1969,1178,,871,10,786,11,64
Retail Prescription Drugs,1991,4313,3365,2003,1361,,948,12,859,12,64
Retail Prescription Drugs,1992,4539,3535,2043,1492,,1004,16,909,14,65
Retail Prescription Drugs,1993,4859,3728,2090,1638,,1132,21,1030,17,65
Retail Prescription Drugs,1994,5462,4121,2156,1965,,1340,28,1223,21,68
Retail Prescription Drugs,1995,6362,4739,2217,2522,,1623,40,1483,29,71
Retail Prescription Drugs,1996,7431,5473,2387,3087,,1958,57,1783,44,74
Retail Prescription Drugs,1997,9292,6565,2638,3926,,2727,70,2505,65,87
Retail Prescription Drugs,1998,11667,8057,2964,5093,,3610,101,3321,88,100
Retail Prescription Drugs,1999,14388,9671,3228,6443,,4716,148,4330,123,116
Retail Prescription Drugs,2000,18433,11763,3748,8015,,6670,185,6156,168,162
Retail Prescription Drugs,2001,22251,13686,4166,9520,,8565,235,7867,234,229
Retail Prescription Drugs,2002,25980,15757,4736,11021,,10223,265,9322,349,287
Retail Prescription Drugs,2003,29385,17545,5387,12158,,11840,270,10740,479,351
Retail Prescription Drugs,2004,31965,18980,5574,13406,,12985,348,11724,534,379
Retail Prescription Drugs,2005,33512,20155,6000,14155,,13357,405,11933,596,423
Retail Prescription Drugs,2006,37104,23570,7149,16421,,13533,4971,7220,771,572
Retail Prescription Drugs,2007,38565,24267,7566,16701,,14298,6048,6884,811,555
Retail Prescription Drugs,2008,39925,24166,7427,16738,,15759,7012,7292,884,571
Retail Prescription Drugs,2009,41983,25283,7860,17423,,16700,7566,7533,1001,600
Insurance Administration,1986,1521,782,,782,,739,55,291,22,370
Insurance Administration,1987,1546,632,,632,,914,54,332,23,505
Insurance Administration,1988,1824,803,,803,,1022,64,373,26,559
Insurance Administration,1989,2100,1116,,1116,,985,77,392,27,488
Insurance Administration,1990,2355,1283,,1283,,1072,80,433,29,530
Insurance Administration,1991,2258,1218,,1218,,1039,98,444,26,472
Insurance Administration,1992,2446,1209,,1209,,1237,109,486,29,613
Insurance Administration,1993,3053,1460,,1460,,1593,119,566,34,874
Insurance Administration,1994,3505,1535,,1535,,1970,142,709,38,1082
Insurance Administration,1995,3638,1549,,1549,,2089,145,791,39,1114
Insurance Administration,1996,3651,1627,,1627,,2024,160,695,41,1128
Insurance Administration,1997,3721,1612,,1612,,2109,185,886,42,996
Insurance Administration,1998,3740,1654,,1654,,2086,209,1046,49,783
Insurance Administration,1999,4235,1930,,1930,,2305,216,1228,62,799
Insurance Administration,2000,5054,2253,,2253,,2801,252,1454,75,1021
Insurance Administration,2001,5798,2529,,2529,,3269,243,1749,93,1184
Insurance Administration,2002,6805,3158,,3158,,3647,240,2008,126,1272
Insurance Administration,2003,7827,3827,,3827,,3999,231,2222,154,1393
Insurance Administration,2004,8338,4142,,4142,,4195,286,2250,180,1479
Insurance Administration,2005,8721,4240,,4240,,4481,341,2410,216,1514
Insurance Administration,2006,9538,4653,,4653,,4885,748,2402,247,1487
Insurance Administration,2007,9929,4787,,4787,,5142,889,2557,265,1431
Insurance Administration,2008,10152,4577,,4577,,5575,946,2824,265,1540
Insurance Administration,2009,10288,4301,,4301,,5987,1195,2972,260,1559
